PERSON_ID,DISPLAY_LAST_COMMA_FIRST,DISPLAY_FIRST_LAST,ROSTERSTATUS,FROM_YEAR,TO_YEAR,PLAYERCODE,PLAYER_SLUG,TEAM_ID,TEAM_CITY,TEAM_NAME,TEAM_ABBREVIATION,TEAM_SLUG,TEAM_CODE,GAMES_PLAYED_FLAG,OTHERLEAGUE_EXPERIENCE_CH
203500,"Adams, Steven",Steven Adams,1,2013,2023,steven_adams,steven_adams,1610612745,Houston,Rockets,HOU,rockets,rockets,Y,0
1630534,"Agbaji, Ochai",Ochai Agbaji,1,2022,2023,ochai_agbaji,ochai_agbaji,1610612761,Toronto,Raptors,TOR,raptors,raptors,Y,0
1630583,"Aldama, Santi",Santi Aldama,1,2021,2023,santi_aldama,santi_aldama,1610612763,Memphis,Grizzlies,MEM,grizzlies,grizzlies,Y,1
1628386,"Allen, Jarrett",Jarrett Allen,1,2017,2023,jarrett_allen,jarrett_allen,1610612739,Cleveland,Cavaliers,CLE,cavaliers,cavaliers,Y,0
203507,"Antetokounmpo, Giannis",Giannis Antetokounmpo,1,2013,2023,giannis_antetokounmpo,giannis_antetokounmpo,1610612749,Milwaukee,Bucks,MIL,bucks,bucks,Y,0
203648,"Antetokounmpo, Thanasis",Thanasis Antetokounmpo,1,2015,2023,thanasis_antetokounmpo,thanasis_antetokounmpo,1610612749,Milwaukee,Bucks,MIL,bucks,bucks,Y,1
1630175,"Anthony, Cole",Cole Anthony,1,2020,2023,cole_anthony,cole_anthony,1610612753,Orlando,Magic,ORL,magic,magic,Y,0
1629028,"Ayton, Deandre",Deandre Ayton,1,2018,2023,deandre_ayton,deandre_ayton,1610612757,Portland,Trail Blazers,POR,blazers,blazers,Y,0
1630641,"Badji, Ibou",Ibou Badji,1,2022,2023,ibou_badji,ibou_badji,1610612757,Portland,Trail Blazers,POR,blazers,blazers,Y,0
1628366,"Ball, Lonzo",Lonzo Ball,1,2017,2023,lonzo_ball,lonzo_ball,1610612741,Chicago,Bulls,CHI,bulls,bulls,Y,0
1628964,"Bamba, Mo",Mo Bamba,1,2018,2023,mohamed_bamba,mo_bamba,1610612755,Philadelphia,76ers,PHI,sixers,sixers,Y,0
1631094,"Banchero, Paolo",Paolo Banchero,1,2022,2023,paolo_banchero,paolo_banchero,1610612753,Orlando,Magic,ORL,magic,magic,Y,0
1630217,"Bane, Desmond",Desmond Bane,1,2020,2023,desmond_bane,desmond_bane,1610612763,Memphis,Grizzlies,MEM,grizzlies,grizzlies,Y,0
1630625,"Banton, Dalano",Dalano Banton,1,2021,2023,dalano_banton,dalano_banton,1610612757,Portland,Trail Blazers,POR,blazers,blazers,Y,11
1631230,"Barlow, Dominick",Dominick Barlow,1,2022,2023,dominick_barlow,dominick_barlow,1610612759,San Antonio,Spurs,SAS,spurs,spurs,Y,11
1630567,"Barnes, Scottie",Scottie Barnes,1,2021,2023,scottie_barnes,scottie_barnes,1610612761,Toronto,Raptors,TOR,raptors,raptors,Y,0
1629628,"Barrett, RJ",RJ Barrett,1,2019,2023,rj_barrett,rj_barrett,1610612761,Toronto,Raptors,TOR,raptors,raptors,Y,0
1629646,"Bassey, Charles",Charles Bassey,1,2021,2023,charles_bassey,charles_bassey,1610612759,San Antonio,Spurs,SAS,spurs,spurs,Y,1
1641734,"Bates, Emoni",Emoni Bates,1,2023,2023,emoni_bates,emoni_bates,1610612739,Cleveland,Cavaliers,CLE,cavaliers,cavaliers,Y,11
1628966,"Bates-Diop, Keita",Keita Bates-Diop,1,2018,2023,keita_bates-diop,keita_bates-diop,1610612751,Brooklyn,Nets,BKN,nets,nets,Y,1
201587,"Batum, Nicolas",Nicolas Batum,1,2008,2023,nicolas_batum,nicolas_batum,1610612755,Philadelphia,76ers,PHI,sixers,sixers,Y,0
1629647,"Bazley, Darius",Darius Bazley,1,2019,2023,darius_bazley,darius_bazley,1610612755,Philadelphia,76ers,PHI,sixers,sixers,Y,11
1627736,"Beasley, Malik",Malik Beasley,1,2016,2023,malik_beasley,malik_beasley,1610612749,Milwaukee,Bucks,MIL,bucks,bucks,Y,1
1630699,"Beauchamp, MarJon",MarJon Beauchamp,1,2022,2023,marjon_beauchamp,marjon_beauchamp,1610612749,Milwaukee,Bucks,MIL,bucks,bucks,Y,11
201976,"Beverley, Patrick",Patrick Beverley,1,2012,2023,patrick_beverley,patrick_beverley,1610612749,Milwaukee,Bucks,MIL,bucks,bucks,Y,1
1630180,"Bey, Saddiq",Saddiq Bey,1,2020,2023,saddiq_bey,saddiq_bey,1610612737,Atlanta,Hawks,ATL,hawks,hawks,Y,0
1629048,"Bitadze, Goga",Goga Bitadze,1,2019,2023,goga_bitadze,goga_bitadze,1610612753,Orlando,Magic,ORL,magic,magic,Y,1
1641931,"Bitim, Onuralp",Onuralp Bitim,1,2023,2023,onuralp_bitim,onuralp_bitim,1610612741,Chicago,Bulls,CHI,bulls,bulls,Y,11
1641710,"Black, Anthony",Anthony Black,1,2023,2023,anthony_black,anthony_black,1610612753,Orlando,Magic,ORL,magic,magic,Y,0
1631205,"Boeheim, Buddy",Buddy Boeheim,1,2022,2023,buddy_boheim,buddy_boeheim,1610612765,Detroit,Pistons,DET,pistons,pistons,Y,11
203992,"Bogdanovic, Bogdan",Bogdan Bogdanovic,1,2017,2023,bogdan_bogdanovic,bogdan_bogdanovic,1610612737,Atlanta,Hawks,ATL,hawks,hawks,Y,0
1628449,"Boucher, Chris",Chris Boucher,1,2017,2023,chris_boucher,chris_boucher,1610612761,Toronto,Raptors,TOR,raptors,raptors,Y,1
1631103,"Branham, Malaki",Malaki Branham,1,2022,2023,malaki_branham,malaki_branham,1610612759,San Antonio,Spurs,SAS,spurs,spurs,Y,0
1631128,"Braun, Christian",Christian Braun,1,2022,2023,christian_braun,christian_braun,1610612743,Denver,Nuggets,DEN,nuggets,nuggets,Y,0
1628969,"Bridges, Mikal",Mikal Bridges,1,2018,2023,mikal_bridges,mikal_bridges,1610612751,Brooklyn,Nets,BKN,nets,nets,Y,0
1627763,"Brogdon, Malcolm",Malcolm Brogdon,1,2016,2023,malcolm_brogdon,malcolm_brogdon,1610612757,Portland,Trail Blazers,POR,blazers,blazers,Y,0
1628415,"Brooks, Dillon",Dillon Brooks,1,2017,2023,dillon_brooks,dillon_brooks,1610612745,Houston,Rockets,HOU,rockets,rockets,Y,0
1628971,"Brown, Bruce",Bruce Brown,1,2018,2023,bruce_brown,bruce_brown,1610612761,Toronto,Raptors,TOR,raptors,raptors,Y,1
1629650,"Brown, Moses",Moses Brown,1,2019,2023,moses_brown,moses_brown,1610612757,Portland,Trail Blazers,POR,blazers,blazers,Y,1
1628972,"Brown Jr., Troy",Troy Brown Jr.,1,2018,2023,troy_brown_jr,troy_brown_jr,1610612765,Detroit,Pistons,DET,pistons,pistons,Y,1
1641723,"Bufkin, Kobe",Kobe Bufkin,1,2023,2023,kobe_bufkin,kobe_bufkin,1610612737,Atlanta,Hawks,ATL,hawks,hawks,Y,11
203493,"Bullock Jr., Reggie",Reggie Bullock Jr.,1,2013,2023,reggie_bullock,reggie_bullock_jr,1610612745,Houston,Rockets,HOU,rockets,rockets,Y,1
203484,"Caldwell-Pope, Kentavious",Kentavious Caldwell-Pope,1,2013,2023,kentavious_caldwell-pope,kentavious_caldwell-pope,1610612743,Denver,Nuggets,DEN,nuggets,nuggets,Y,0
1641739,"Camara, Toumani",Toumani Camara,1,2023,2023,toumani_camara,toumani_camara,1610612757,Portland,Trail Blazers,POR,blazers,blazers,Y,0
1628427,"Cancar, Vlatko",Vlatko Cancar,1,2019,2023,vlatko_cancar,vlatko_cancar,1610612743,Denver,Nuggets,DEN,nuggets,nuggets,Y,1
203991,"Capela, Clint",Clint Capela,1,2014,2023,clint_capela,clint_capela,1610612737,Atlanta,Hawks,ATL,hawks,hawks,Y,1
1628975,"Carter, Jevon",Jevon Carter,1,2018,2023,jevon_carter,jevon_carter,1610612741,Chicago,Bulls,CHI,bulls,bulls,Y,1
1628976,"Carter Jr., Wendell",Wendell Carter Jr.,1,2018,2023,wendell_carter_jr,wendell_carter_jr,1610612753,Orlando,Magic,ORL,magic,magic,Y,0
1630618,"Carton, D.J.",D.J. Carton,1,2023,2023,dj_carton,dj_carton,1610612761,Toronto,Raptors,TOR,raptors,raptors,Y,11
1627936,"Caruso, Alex",Alex Caruso,1,2017,2023,alex_caruso,alex_caruso,1610612741,Chicago,Bulls,CHI,bulls,bulls,Y,1
1630658,"Castleton, Colin",Colin Castleton,1,2023,2023,colin_castleton,colin_castleton,1610612747,Los Angeles,Lakers,LAL,lakers,lakers,Y,11
1630577,"Champagnie, Julian",Julian Champagnie,1,2022,2023,julian_champagnie,julian_champagnie,1610612759,San Antonio,Spurs,SAS,spurs,spurs,Y,1
1631108,"Christie, Max",Max Christie,1,2022,2023,max_christie,max_christie,1610612747,Los Angeles,Lakers,LAL,lakers,lakers,Y,1
1631321,"Cissoko, Sidy",Sidy Cissoko,1,2023,2023,sidy_cissoko,sidy_cissoko,1610612759,San Antonio,Spurs,SAS,spurs,spurs,Y,11
1629634,"Clarke, Brandon",Brandon Clarke,1,2019,2023,brandon_clarke,brandon_clarke,1610612763,Memphis,Grizzlies,MEM,grizzlies,grizzlies,Y,0
1629651,"Claxton, Nic",Nic Claxton,1,2019,2023,nicolas_claxton,nic_claxton,1610612751,Brooklyn,Nets,BKN,nets,nets,Y,1
1641730,"Clowney, Noah",Noah Clowney,1,2023,2023,noah_clowney,noah_clowney,1610612751,Brooklyn,Nets,BKN,nets,nets,Y,11
1628380,"Collins, Zach",Zach Collins,1,2017,2023,zach_collins,zach_collins,1610612759,San Antonio,Spurs,SAS,spurs,spurs,Y,1
1626192,"Connaughton, Pat",Pat Connaughton,1,2015,2023,pat_connaughton,pat_connaughton,1610612749,Milwaukee,Bucks,MIL,bucks,bucks,Y,0
1630536,"Cooper, Sharife",Sharife Cooper,1,2021,2023,sharife_cooper,sharife_cooper,1610612739,Cleveland,Cavaliers,CLE,cavaliers,cavaliers,Y,11
1641741,"Council IV, Ricky",Ricky Council IV,1,2023,2023,ricky_council_iv,ricky_council_iv,1610612755,Philadelphia,76ers,PHI,sixers,sixers,Y,11
203496,"Covington, Robert",Robert Covington,1,2013,2023,robert_covington,robert_covington,1610612755,Philadelphia,76ers,PHI,sixers,sixers,Y,1
1628470,"Craig, Torrey",Torrey Craig,1,2017,2023,torrey_craig,torrey_craig,1610612741,Chicago,Bulls,CHI,bulls,bulls,Y,1
203109,"Crowder, Jae",Jae Crowder,1,2012,2023,jae_crowder,jae_crowder,1610612749,Milwaukee,Bucks,MIL,bucks,bucks,Y,1
1630595,"Cunningham, Cade",Cade Cunningham,1,2021,2023,cade_cunningham,cade_cunningham,1610612765,Detroit,Pistons,DET,pistons,pistons,Y,0
203076,"Davis, Anthony",Anthony Davis,1,2012,2023,anthony_davis,anthony_davis,1610612747,Los Angeles,Lakers,LAL,lakers,lakers,Y,0
201942,"DeRozan, DeMar",DeMar DeRozan,1,2009,2023,demar_derozan,demar_derozan,1610612741,Chicago,Bulls,CHI,bulls,bulls,Y,0
1629603,"Diakite, Mamadi",Mamadi Diakite,1,2020,2023,mamadi_diakite,mamadi_diakite,1610612759,San Antonio,Spurs,SAS,spurs,spurs,Y,11
1641711,"Dick, Gradey",Gradey Dick,1,2023,2023,gradey_dick,gradey_dick,1610612761,Toronto,Raptors,TOR,raptors,raptors,Y,11
203915,"Dinwiddie, Spencer",Spencer Dinwiddie,1,2014,2023,spencer_dinwiddie,spencer_dinwiddie,1610612747,Los Angeles,Lakers,LAL,lakers,lakers,Y,1
1630245,"Dosunmu, Ayo",Ayo Dosunmu,1,2021,2023,ayo_dosunmu,ayo_dosunmu,1610612741,Chicago,Bulls,CHI,bulls,bulls,Y,0
1630929,"Drell, Henri",Henri Drell,1,2023,2023,henri_drell,henri_drell,1610612741,Chicago,Bulls,CHI,bulls,bulls,Y,11
203083,"Drummond, Andre",Andre Drummond,1,2012,2023,andre_drummond,andre_drummond,1610612741,Chicago,Bulls,CHI,bulls,bulls,Y,0
1630561,"Duke Jr., David",David Duke Jr.,1,2021,2023,david_duke_jr,david_duke_jr,1610612759,San Antonio,Spurs,SAS,spurs,spurs,Y,11
1631105,"Duren, Jalen",Jalen Duren,1,2022,2023,jalen_duren,jalen_duren,1610612765,Detroit,Pistons,DET,pistons,pistons,Y,0
1631106,"Eason, Tari",Tari Eason,1,2022,2023,tari_eason,tari_eason,1610612745,Houston,Rockets,HOU,rockets,rockets,Y,0
203954,"Embiid, Joel",Joel Embiid,1,2014,2023,joel_embiid,joel_embiid,1610612755,Philadelphia,76ers,PHI,sixers,sixers,Y,0
1641787,"Evbuomwan, Tosan",Tosan Evbuomwan,1,2023,2023,tosan_evbuomwan,tosan_evbuomwan,1610612765,Detroit,Pistons,DET,pistons,pistons,Y,11
1628981,"Fernando, Bruno",Bruno Fernando,1,2019,2023,bruno_fernando,bruno_fernando,1610612737,Atlanta,Hawks,ATL,hawks,hawks,Y,1
1627827,"Finney-Smith, Dorian",Dorian Finney-Smith,1,2016,2023,dorian_finney-smith,dorian_finney-smith,1610612751,Brooklyn,Nets,BKN,nets,nets,Y,0
1630201,"Flynn, Malachi",Malachi Flynn,1,2020,2023,malachi_flynn,malachi_flynn,1610612765,Detroit,Pistons,DET,pistons,pistons,Y,1
1631323,"Fontecchio, Simone",Simone Fontecchio,1,2022,2023,simone_fontecchio,simone_fontecchio,1610612765,Detroit,Pistons,DET,pistons,pistons,Y,0
1630235,"Forrest, Trent",Trent Forrest,1,2020,2023,trent_forrest,trent_forrest,1610612737,Atlanta,Hawks,ATL,hawks,hawks,Y,1
203095,"Fournier, Evan",Evan Fournier,1,2012,2023,evan_fournier,evan_fournier,1610612765,Detroit,Pistons,DET,pistons,pistons,Y,0
1631241,"Freeman-Liberty, Javon",Javon Freeman-Liberty,1,2023,2023,javon_freeman-liberty,javon_freeman-liberty,1610612761,Toronto,Raptors,TOR,raptors,raptors,Y,11
1628365,"Fultz, Markelle",Markelle Fultz,1,2017,2023,markelle_fultz,markelle_fultz,1610612753,Orlando,Magic,ORL,magic,magic,Y,0
1641847,"Funk, Andrew",Andrew Funk,1,2023,2023,andrew_funk,andrew_funk,1610612741,Chicago,Bulls,CHI,bulls,bulls,Y,11
201568,"Gallinari, Danilo",Danilo Gallinari,1,2008,2023,danilo_gallinari,danilo_gallinari,1610612749,Milwaukee,Bucks,MIL,bucks,bucks,Y,0
1629636,"Garland, Darius",Darius Garland,1,2019,2023,darius_garland,darius_garland,1610612739,Cleveland,Cavaliers,CLE,cavaliers,cavaliers,Y,0
1631221,"Gillespie, Collin",Collin Gillespie,1,2022,2023,collin_gillespie,collin_gillespie,1610612743,Denver,Nuggets,DEN,nuggets,nuggets,Y,11
1630692,"Goodwin, Jordan",Jordan Goodwin,1,2021,2023,jordan_goodwin,jordan_goodwin,1610612763,Memphis,Grizzlies,MEM,grizzlies,grizzlies,Y,1
203932,"Gordon, Aaron",Aaron Gordon,1,2014,2023,aaron_gordon,aaron_gordon,1610612743,Denver,Nuggets,DEN,nuggets,nuggets,Y,0
1628984,"Graham, Devonte'",Devonte' Graham,1,2018,2023,devonte_graham,devonte_graham,1610612759,San Antonio,Spurs,SAS,spurs,spurs,Y,1
203924,"Grant, Jerami",Jerami Grant,1,2014,2023,jerami_grant,jerami_grant,1610612757,Portland,Trail Blazers,POR,blazers,blazers,Y,0
1631260,"Green, AJ",AJ Green,1,2022,2023,aj_green,aj_green,1610612749,Milwaukee,Bucks,MIL,bucks,bucks,Y,11
1630224,"Green, Jalen",Jalen Green,1,2021,2023,jalen_green,jalen_green,1610612745,Houston,Rockets,HOU,rockets,rockets,Y,1
201145,"Green, Jeff",Jeff Green,1,2007,2023,jeff_green,jeff_green,1610612745,Houston,Rockets,HOU,rockets,rockets,Y,0
1631100,"Griffin, AJ",AJ Griffin,1,2022,2023,aj_griffin,aj_griffin,1610612737,Atlanta,Hawks,ATL,hawks,hawks,Y,11
1629656,"Grimes, Quentin",Quentin Grimes,1,2021,2023,quentin_grimes,quentin_grimes,1610612765,Detroit,Pistons,DET,pistons,pistons,Y,0
1631243,"Gueye, Mouhamed",Mouhamed Gueye,1,2023,2023,mouhamed_gueye,mouhamed_gueye,1610612737,Atlanta,Hawks,ATL,hawks,hawks,Y,0
1629060,"Hachimura, Rui",Rui Hachimura,1,2019,2023,rui_hachimura,rui_hachimura,1610612747,Los Angeles,Lakers,LAL,lakers,lakers,Y,0
1630204,"Hagans, Ashton",Ashton Hagans,1,2020,2023,ashton_hagans,ashton_hagans,1610612757,Portland,Trail Blazers,POR,blazers,blazers,Y,11
203914,"Harris, Gary",Gary Harris,1,2014,2023,gary_harris,gary_harris,1610612753,Orlando,Magic,ORL,magic,magic,Y,0
1630284,"Harris, Kevon",Kevon Harris,1,2022,2023,kevon_harris,kevon_harris,1610612753,Orlando,Magic,ORL,magic,magic,Y,11
202699,"Harris, Tobias",Tobias Harris,1,2011,2023,tobias_harris,tobias_harris,1610612755,Philadelphia,76ers,PHI,sixers,sixers,Y,0
1629637,"Hayes, Jaxson",Jaxson Hayes,1,2019,2023,jaxson_hayes,jaxson_hayes,1610612747,Los Angeles,Lakers,LAL,lakers,lakers,Y,0
1630703,"Henderson, Scoot",Scoot Henderson,1,2023,2023,scoot_henderson,scoot_henderson,1610612757,Portland,Trail Blazers,POR,blazers,blazers,Y,1
1627741,"Hield, Buddy",Buddy Hield,1,2016,2023,buddy_hield,buddy_hield,1610612755,Philadelphia,76ers,PHI,sixers,sixers,Y,0
1630207,"Hinton, Nate",Nate Hinton,1,2020,2023,nate_hinton,nate_hinton,1610612745,Houston,Rockets,HOU,rockets,rockets,Y,11
1628988,"Holiday, Aaron",Aaron Holiday,1,2018,2023,aaron_holiday,aaron_holiday,1610612745,Houston,Rockets,HOU,rockets,rockets,Y,0
203200,"Holiday, Justin",Justin Holiday,1,2012,2023,justin_holiday,justin_holiday,1610612743,Denver,Nuggets,DEN,nuggets,nuggets,Y,1
1641720,"Hood-Schifino, Jalen",Jalen Hood-Schifino,1,2023,2023,jalen_hood-schifino,jalen_hood-schifino,1610612747,Los Angeles,Lakers,LAL,lakers,lakers,Y,11
1631216,"Houstan, Caleb",Caleb Houstan,1,2022,2023,caleb_houstan,caleb_houstan,1610612753,Orlando,Magic,ORL,magic,magic,Y,1
1641724,"Howard, Jett",Jett Howard,1,2023,2023,jett_howard,jett_howard,1610612753,Orlando,Magic,ORL,magic,magic,Y,11
1630643,"Huff, Jay",Jay Huff,1,2021,2023,jay_huff,jay_huff,1610612743,Denver,Nuggets,DEN,nuggets,nuggets,Y,11
1629631,"Hunter, De'Andre",De'Andre Hunter,1,2019,2023,deandre_hunter,deandre_hunter,1610612737,Atlanta,Hawks,ATL,hawks,hawks,Y,0
1630562,"Hurt, Matt",Matt Hurt,1,2023,2023,matt_hurt,matt_hurt,1610612763,Memphis,Grizzlies,MEM,grizzlies,grizzlies,Y,11
204060,"Ingles, Joe",Joe Ingles,1,2014,2023,joe_ingles,joe_ingles,1610612753,Orlando,Magic,ORL,magic,magic,Y,0
1628371,"Isaac, Jonathan",Jonathan Isaac,1,2017,2023,jonathan_isaac,jonathan_isaac,1610612753,Orlando,Magic,ORL,magic,magic,Y,1
1631093,"Ivey, Jaden",Jaden Ivey,1,2022,2023,jaden_ivey,jaden_ivey,1610612765,Detroit,Pistons,DET,pistons,pistons,Y,0
1641713,"Jackson, GG",GG Jackson,1,2023,2023,gg_jackson,gg_jackson,1610612763,Memphis,Grizzlies,MEM,grizzlies,grizzlies,Y,11
202704,"Jackson, Reggie",Reggie Jackson,1,2011,2023,reggie_jackson,reggie_jackson,1610612743,Denver,Nuggets,DEN,nuggets,nuggets,Y,1
1641748,"Jackson Jr., Andre",Andre Jackson Jr.,1,2023,2023,andre_jackson_jr,andre_jackson_jr,1610612749,Milwaukee,Bucks,MIL,bucks,bucks,Y,0
1628991,"Jackson Jr., Jaren",Jaren Jackson Jr.,1,2018,2023,jaren_jackson_jr,jaren_jackson_jr,1610612763,Memphis,Grizzlies,MEM,grizzlies,grizzlies,Y,0
2544,"James, LeBron",LeBron James,1,2003,2023,lebron_james,lebron_james,1610612747,Los Angeles,Lakers,LAL,lakers,lakers,Y,0
1641998,"Jemison, Trey",Trey Jemison,1,2023,2023,trey_jemison,trey_jemison,1610612763,Memphis,Grizzlies,MEM,grizzlies,grizzlies,Y,11
1629660,"Jerome, Ty",Ty Jerome,1,2019,2023,ty_jerome,ty_jerome,1610612739,Cleveland,Cavaliers,CLE,cavaliers,cavaliers,Y,1
1629661,"Johnson, Cameron",Cameron Johnson,1,2019,2023,cameron_johnson,cameron_johnson,1610612751,Brooklyn,Nets,BKN,nets,nets,Y,0
1630552,"Johnson, Jalen",Jalen Johnson,1,2021,2023,jalen_johnson,jalen_johnson,1610612737,Atlanta,Hawks,ATL,hawks,hawks,Y,1
1629640,"Johnson, Keldon",Keldon Johnson,1,2019,2023,keldon_johnson,keldon_johnson,1610612759,San Antonio,Spurs,SAS,spurs,spurs,Y,1
1630553,"Johnson, Keon",Keon Johnson,1,2021,2023,keon_johnson,keon_johnson,1610612751,Brooklyn,Nets,BKN,nets,nets,Y,11
203999,"Jokic, Nikola",Nikola Jokic,1,2015,2023,nikola_jokic,nikola_jokic,1610612743,Denver,Nuggets,DEN,nuggets,nuggets,Y,0
1627745,"Jones, Damian",Damian Jones,1,2016,2023,damian_jones,damian_jones,1610612739,Cleveland,Cavaliers,CLE,cavaliers,cavaliers,Y,1
1630200,"Jones, Tre",Tre Jones,1,2020,2023,tre_jones,tre_jones,1610612759,San Antonio,Spurs,SAS,spurs,spurs,Y,1
201599,"Jordan, DeAndre",DeAndre Jordan,1,2008,2023,deandre_jordan,deandre_jordan,1610612743,Denver,Nuggets,DEN,nuggets,nuggets,Y,0
1628379,"Kennard, Luke",Luke Kennard,1,2017,2023,luke_kennard,luke_kennard,1610612763,Memphis,Grizzlies,MEM,grizzlies,grizzlies,Y,1
1630296,"Key, Braxton",Braxton Key,1,2021,2023,braxton_key,braxton_key,1610612743,Denver,Nuggets,DEN,nuggets,nuggets,Y,11
1629723,"Konchar, John",John Konchar,1,2019,2023,john_konchar,john_konchar,1610612763,Memphis,Grizzlies,MEM,grizzlies,grizzlies,Y,1
1630249,"Krejci, Vit",Vit Krejci,1,2021,2023,vit_krejci,vit_krejci,1610612737,Atlanta,Hawks,ATL,hawks,hawks,Y,11
1631222,"LaRavia, Jake",Jake LaRavia,1,2022,2023,jake_laravia,jake_laravia,1610612763,Memphis,Grizzlies,MEM,grizzlies,grizzlies,Y,11
203897,"LaVine, Zach",Zach LaVine,1,2014,2023,zach_lavine,zach_lavine,1610612741,Chicago,Bulls,CHI,bulls,bulls,Y,0
1629111,"Landale, Jock",Jock Landale,1,2021,2023,jock_landale,jock_landale,1610612745,Houston,Rockets,HOU,rockets,rockets,Y,0
1627747,"LeVert, Caris",Caris LeVert,1,2016,2023,caris_levert,caris_levert,1610612739,Cleveland,Cavaliers,CLE,cavaliers,cavaliers,Y,0
1641721,"Lewis, Maxwell",Maxwell Lewis,1,2023,2023,maxwell_lewis,maxwell_lewis,1610612747,Los Angeles,Lakers,LAL,lakers,lakers,Y,11
203081,"Lillard, Damian",Damian Lillard,1,2012,2023,damian_lillard,damian_lillard,1610612749,Milwaukee,Bucks,MIL,bucks,bucks,Y,0
1641753,"Livingston, Chris",Chris Livingston,1,2023,2023,chris_livingston,chris_livingston,1610612749,Milwaukee,Bucks,MIL,bucks,bucks,Y,11
1631254,"Lofton Jr., Kenneth",Kenneth Lofton Jr.,1,2022,2023,kenneth_lofton_jr,kenneth_lofton_jr,1610612755,Philadelphia,76ers,PHI,sixers,sixers,Y,11
201572,"Lopez, Brook",Brook Lopez,1,2008,2023,brook_lopez,brook_lopez,1610612749,Milwaukee,Bucks,MIL,bucks,bucks,Y,0
200768,"Lowry, Kyle",Kyle Lowry,1,2006,2023,kyle_lowry,kyle_lowry,1610612755,Philadelphia,76ers,PHI,sixers,sixers,Y,0
1641754,"Lundy, Seth",Seth Lundy,1,2023,2023,seth_lundy,seth_lundy,1610612737,Atlanta,Hawks,ATL,hawks,hawks,Y,11
1630572,"Mamukelashvili, Sandro",Sandro Mamukelashvili,1,2021,2023,sandro_mamukelashvili,sandro_mamukelashvili,1610612759,San Antonio,Spurs,SAS,spurs,spurs,Y,1
1626246,"Marjanovic, Boban",Boban Marjanovic,1,2015,2023,boban_marjanovic,boban_marjanovic,1610612745,Houston,Rockets,HOU,rockets,rockets,Y,1
1641798,"Martin, Jaylen",Jaylen Martin,1,2023,2023,jaylen_martin,jaylen_martin,1610612751,Brooklyn,Nets,BKN,nets,nets,Y,11
1630231,"Martin, KJ",KJ Martin,1,2020,2023,kenyon_martin_jr,kj_martin,1610612755,Philadelphia,76ers,PHI,sixers,sixers,Y,1
1629726,"Mathews, Garrison",Garrison Mathews,1,2019,2023,garrison_mathews,garrison_mathews,1610612737,Atlanta,Hawks,ATL,hawks,hawks,Y,1
202083,"Matthews, Wesley",Wesley Matthews,1,2009,2023,wesley_matthews,wesley_matthews,1610612737,Atlanta,Hawks,ATL,hawks,hawks,Y,0
1630178,"Maxey, Tyrese",Tyrese Maxey,1,2020,2023,tyrese_maxey,tyrese_maxey,1610612755,Philadelphia,76ers,PHI,sixers,sixers,Y,0
1630219,"Mays, Skylar",Skylar Mays,1,2020,2023,skylar_mays,skylar_mays,1610612747,Los Angeles,Lakers,LAL,lakers,lakers,Y,11
1629667,"McDaniels, Jalen",Jalen McDaniels,1,2019,2023,jalen_mcdaniels,jalen_mcdaniels,1610612761,Toronto,Raptors,TOR,raptors,raptors,Y,1
1629001,"Melton, De'Anthony",De'Anthony Melton,1,2018,2023,deanthony_melton,deanthony_melton,1610612755,Philadelphia,76ers,PHI,sixers,sixers,Y,1
1630241,"Merrill, Sam",Sam Merrill,1,2020,2023,sam_merrill,sam_merrill,1610612739,Cleveland,Cavaliers,CLE,cavaliers,cavaliers,Y,1
203114,"Middleton, Khris",Khris Middleton,1,2012,2023,khris_middleton,khris_middleton,1610612749,Milwaukee,Bucks,MIL,bucks,bucks,Y,1
201988,"Mills, Patty",Patty Mills,1,2009,2023,patty_mills,patty_mills,1610612737,Atlanta,Hawks,ATL,hawks,hawks,Y,1
1629003,"Milton, Shake",Shake Milton,1,2018,2023,shake_milton,shake_milton,1610612765,Detroit,Pistons,DET,pistons,pistons,Y,1
1631303,"Minaya, Justin",Justin Minaya,1,2022,2023,justin_minaya,justin_minaya,1610612757,Portland,Trail Blazers,POR,blazers,blazers,Y,11
1628378,"Mitchell, Donovan",Donovan Mitchell,1,2017,2023,donovan_mitchell,donovan_mitchell,1610612739,Cleveland,Cavaliers,CLE,cavaliers,cavaliers,Y,0
1630596,"Mobley, Evan",Evan Mobley,1,2021,2023,evan_mobley,evan_mobley,1610612739,Cleveland,Cavaliers,CLE,cavaliers,cavaliers,Y,0
1630600,"Mobley, Isaiah",Isaiah Mobley,1,2022,2023,isaiah_mobley,isaiah_mobley,1610612739,Cleveland,Cavaliers,CLE,cavaliers,cavaliers,Y,11
1629630,"Morant, Ja",Ja Morant,1,2019,2023,ja_morant,ja_morant,1610612763,Memphis,Grizzlies,MEM,grizzlies,grizzlies,Y,0
202694,"Morris Sr., Marcus",Marcus Morris Sr.,1,2011,2023,marcus_morris,marcus_morris_sr,1610612759,San Antonio,Spurs,SAS,spurs,spurs,Y,1
1627749,"Murray, Dejounte",Dejounte Murray,1,2016,2023,dejounte_murray,dejounte_murray,1610612737,Atlanta,Hawks,ATL,hawks,hawks,Y,1
1627750,"Murray, Jamal",Jamal Murray,1,2016,2023,jamal_murray,jamal_murray,1610612743,Denver,Nuggets,DEN,nuggets,nuggets,Y,0
1631200,"Murray, Kris",Kris Murray,1,2023,2023,kris_murray,kris_murray,1610612757,Portland,Trail Blazers,POR,blazers,blazers,Y,11
203488,"Muscala, Mike",Mike Muscala,1,2013,2023,mike_muscala,mike_muscala,1610612765,Detroit,Pistons,DET,pistons,pistons,Y,1
1631250,"Nance, Pete",Pete Nance,1,2023,2023,pete_nance,pete_nance,1610612739,Cleveland,Cavaliers,CLE,cavaliers,cavaliers,Y,11
1627777,"Niang, Georges",Georges Niang,1,2016,2023,georges_niang,georges_niang,1610612739,Cleveland,Cavaliers,CLE,cavaliers,cavaliers,Y,1
1630192,"Nnaji, Zeke",Zeke Nnaji,1,2020,2023,zeke_nnaji,zeke_nnaji,1610612743,Denver,Nuggets,DEN,nuggets,nuggets,Y,0
1641806,"Nowell, Markquis",Markquis Nowell,1,2023,2023,markquis_nowell,markquis_nowell,1610612761,Toronto,Raptors,TOR,raptors,raptors,Y,11
1629670,"Nwora, Jordan",Jordan Nwora,1,2020,2023,jordan_nwora,jordan_nwora,1610612761,Toronto,Raptors,TOR,raptors,raptors,Y,1
1629643,"Okeke, Chuma",Chuma Okeke,1,2020,2023,chuma_okeke,chuma_okeke,1610612753,Orlando,Magic,ORL,magic,magic,Y,1
1630168,"Okongwu, Onyeka",Onyeka Okongwu,1,2020,2023,onyeka_okongwu,onyeka_okongwu,1610612737,Atlanta,Hawks,ATL,hawks,hawks,Y,0
1630171,"Okoro, Isaac",Isaac Okoro,1,2020,2023,isaac_okoro,isaac_okoro,1610612739,Cleveland,Cavaliers,CLE,cavaliers,cavaliers,Y,0
203482,"Olynyk, Kelly",Kelly Olynyk,1,2013,2023,kelly_olynyk,kelly_olynyk,1610612761,Toronto,Raptors,TOR,raptors,raptors,Y,0
1626224,"Osman, Cedi",Cedi Osman,1,2017,2023,cedi_osman,cedi_osman,1610612759,San Antonio,Spurs,SAS,spurs,spurs,Y,1
1626162,"Oubre Jr., Kelly",Kelly Oubre Jr.,1,2015,2023,kelly_oubre_jr,kelly_oubre_jr,1610612755,Philadelphia,76ers,PHI,sixers,sixers,Y,0
1626166,"Payne, Cameron",Cameron Payne,1,2015,2023,cameron_payne,cameron_payne,1610612755,Philadelphia,76ers,PHI,sixers,sixers,Y,1
1641763,"Phillips, Julian",Julian Phillips,1,2023,2023,julian_phillips,julian_phillips,1610612741,Chicago,Bulls,CHI,bulls,bulls,Y,11
1629618,"Pickett, Jalen",Jalen Pickett,1,2023,2023,jalen_pickett,jalen_pickett,1610612743,Denver,Nuggets,DEN,nuggets,nuggets,Y,11
1630590,"Pippen Jr., Scotty",Scotty Pippen Jr.,1,2022,2023,scotty_pippen_jr,scotty_pippen_jr,1610612763,Memphis,Grizzlies,MEM,grizzlies,grizzlies,Y,11
1627751,"Poeltl, Jakob",Jakob Poeltl,1,2016,2023,jakob_poeltl,jakob_poeltl,1610612761,Toronto,Raptors,TOR,raptors,raptors,Y,1
1629007,"Porter, Jontay",Jontay Porter,1,2019,2023,jontay_porter,jontay_porter,1610612761,Toronto,Raptors,TOR,raptors,raptors,Y,11
1641854,"Porter Jr., Craig",Craig Porter Jr.,1,2023,2023,craig_porter,craig_porter_jr,1610612739,Cleveland,Cavaliers,CLE,cavaliers,cavaliers,Y,11
1629008,"Porter Jr., Michael",Michael Porter Jr.,1,2018,2023,michael_porter_jr,michael_porter_jr,1610612743,Denver,Nuggets,DEN,nuggets,nuggets,Y,0
1626171,"Portis, Bobby",Bobby Portis,1,2015,2023,bobby_portis,bobby_portis,1610612749,Milwaukee,Bucks,MIL,bucks,bucks,Y,1
1627752,"Prince, Taurean",Taurean Prince,1,2016,2023,taurean_prince,taurean_prince,1610612747,Los Angeles,Lakers,LAL,lakers,lakers,Y,1
1630243,"Queen, Trevelin",Trevelin Queen,1,2021,2023,trevelin_queen,trevelin_queen,1610612753,Orlando,Magic,ORL,magic,magic,Y,11
1630193,"Quickley, Immanuel",Immanuel Quickley,1,2020,2023,immanuel_quickley,immanuel_quickley,1610612761,Toronto,Raptors,TOR,raptors,raptors,Y,0
1641871,"Reath, Duop",Duop Reath,1,2023,2023,duop_reath,duop_reath,1610612757,Portland,Trail Blazers,POR,blazers,blazers,Y,0
1630559,"Reaves, Austin",Austin Reaves,1,2021,2023,austin_reaves,austin_reaves,1610612747,Los Angeles,Lakers,LAL,lakers,lakers,Y,0
1629629,"Reddish, Cam",Cam Reddish,1,2019,2023,cameron_reddish,cam_reddish,1610612747,Los Angeles,Lakers,LAL,lakers,lakers,Y,0
1630194,"Reed, Paul",Paul Reed,1,2020,2023,paul_reed,paul_reed,1610612755,Philadelphia,76ers,PHI,sixers,sixers,Y,1
1631197,"Rhoden, Jared",Jared Rhoden,1,2022,2023,jared_rhoden,jared_rhoden,1610612765,Detroit,Pistons,DET,pistons,pistons,Y,11
1631157,"Rollins, Ryan",Ryan Rollins,1,2022,2023,ryan_rollins,ryan_rollins,1610612749,Milwaukee,Bucks,MIL,bucks,bucks,Y,11
201565,"Rose, Derrick",Derrick Rose,1,2008,2023,derrick_rose,derrick_rose,1610612763,Memphis,Grizzlies,MEM,grizzlies,grizzlies,Y,0
1641712,"Rupert, Rayan",Rayan Rupert,1,2023,2023,rayan_rupert,rayan_rupert,1610612757,Portland,Trail Blazers,POR,blazers,blazers,Y,11
1626156,"Russell, D'Angelo",D'Angelo Russell,1,2015,2023,d'angelo_russell,dangelo_russell,1610612747,Los Angeles,Lakers,LAL,lakers,lakers,Y,0
1631257,"Samuels Jr., Jermaine",Jermaine Samuels Jr.,1,2023,2023,jermaine_samuels_jr,jermaine_samuels_jr,1610612745,Houston,Rockets,HOU,rockets,rockets,Y,11
1641766,"Sanogo, Adama",Adama Sanogo,1,2023,2023,adama_sanogo,adama_sanogo,1610612741,Chicago,Bulls,CHI,bulls,bulls,Y,11
1631204,"Sasser, Marcus",Marcus Sasser,1,2023,2023,marcus_sasser,marcus_sasser,1610612765,Detroit,Pistons,DET,pistons,pistons,Y,0
1629678,"Schofield, Admiral",Admiral Schofield,1,2019,2023,admiral_schofield,admiral_schofield,1610612753,Orlando,Magic,ORL,magic,magic,Y,1
203471,"Schroder, Dennis",Dennis Schroder,1,2013,2023,dennis_schroder,dennis_schroder,1610612751,Brooklyn,Nets,BKN,nets,nets,Y,1
1630578,"Sengun, Alperen",Alperen Sengun,1,2021,2023,alperen_sengun,alperen_sengun,1610612745,Houston,Rockets,HOU,rockets,rockets,Y,0
1630549,"Sharpe, Day'Ron",Day'Ron Sharpe,1,2021,2023,dayron_sharpe,dayron_sharpe,1610612751,Brooklyn,Nets,BKN,nets,nets,Y,1
1631101,"Sharpe, Shaedon",Shaedon Sharpe,1,2022,2023,shaedon_sharpe,shaedon_sharpe,1610612757,Portland,Trail Blazers,POR,blazers,blazers,Y,0
1627732,"Simmons, Ben",Ben Simmons,1,2016,2023,ben_simmons,ben_simmons,1610612751,Brooklyn,Nets,BKN,nets,nets,Y,0
1629014,"Simons, Anfernee",Anfernee Simons,1,2018,2023,anfernee_simons,anfernee_simons,1610612757,Portland,Trail Blazers,POR,blazers,blazers,Y,1
203935,"Smart, Marcus",Marcus Smart,1,2014,2023,marcus_smart,marcus_smart,1610612763,Memphis,Grizzlies,MEM,grizzlies,grizzlies,Y,1
1631173,"Smith, Terquavion",Terquavion Smith,1,2023,2023,terquavion_smith,terquavion_smith,1610612755,Philadelphia,76ers,PHI,sixers,sixers,Y,11
1628372,"Smith Jr., Dennis",Dennis Smith Jr.,1,2017,2023,dennis_smith_jr,dennis_smith_jr,1610612751,Brooklyn,Nets,BKN,nets,nets,Y,0
1631095,"Smith Jr., Jabari",Jabari Smith Jr.,1,2022,2023,jabari_smith,jabari_smith_jr,1610612745,Houston,Rockets,HOU,rockets,rockets,Y,0
1631110,"Sochan, Jeremy",Jeremy Sochan,1,2022,2023,jeremy_sochan,jeremy_sochan,1610612759,San Antonio,Spurs,SAS,spurs,spurs,Y,0
1630205,"Stevens, Lamar",Lamar Stevens,1,2020,2023,lamar_stevens,lamar_stevens,1610612763,Memphis,Grizzlies,MEM,grizzlies,grizzlies,Y,0
1630191,"Stewart, Isaiah",Isaiah Stewart,1,2020,2023,isaiah_stewart,isaiah_stewart,1610612765,Detroit,Pistons,DET,pistons,pistons,Y,0
1631124,"Strawther, Julian",Julian Strawther,1,2023,2023,julian_strawther,julian_strawther,1610612743,Denver,Nuggets,DEN,nuggets,nuggets,Y,11
1629622,"Strus, Max",Max Strus,1,2019,2023,max_strus,max_strus,1610612739,Cleveland,Cavaliers,CLE,cavaliers,cavaliers,Y,1
1630591,"Suggs, Jalen",Jalen Suggs,1,2021,2023,jalen_suggs,jalen_suggs,1610612753,Orlando,Magic,ORL,magic,magic,Y,0
1630256,"Tate, Jae'Sean",Jae'Sean Tate,1,2020,2023,jaesean_tate,jaesean_tate,1610612745,Houston,Rockets,HOU,rockets,rockets,Y,0
1630678,"Taylor, Terry",Terry Taylor,1,2021,2023,terry_taylor,terry_taylor,1610612741,Chicago,Bulls,CHI,bulls,bulls,Y,1
202066,"Temple, Garrett",Garrett Temple,1,2009,2023,garrett_temple,garrett_temple,1610612761,Toronto,Raptors,TOR,raptors,raptors,Y,1
1631207,"Terry, Dalen",Dalen Terry,1,2022,2023,dalen_terry,dalen_terry,1610612741,Chicago,Bulls,CHI,bulls,bulls,Y,1
1630560,"Thomas, Cam",Cam Thomas,1,2021,2023,cam_thomas,cam_thomas,1610612751,Brooklyn,Nets,BKN,nets,nets,Y,0
1641708,"Thompson, Amen",Amen Thompson,1,2023,2023,amen_thompson,amen_thompson,1610612745,Houston,Rockets,HOU,rockets,rockets,Y,0
1641709,"Thompson, Ausar",Ausar Thompson,1,2023,2023,ausar_thompson,ausar_thompson,1610612765,Detroit,Pistons,DET,pistons,pistons,Y,0
202684,"Thompson, Tristan",Tristan Thompson,1,2011,2023,tristan_thompson,tristan_thompson,1610612739,Cleveland,Cavaliers,CLE,cavaliers,cavaliers,Y,0
1629680,"Thybulle, Matisse",Matisse Thybulle,1,2019,2023,matisse_thybulle,matisse_thybulle,1610612757,Portland,Trail Blazers,POR,blazers,blazers,Y,0
1629018,"Trent Jr., Gary",Gary Trent Jr.,1,2018,2023,gary_trent_jr,gary_trent_jr,1610612761,Toronto,Raptors,TOR,raptors,raptors,Y,1
1641816,"Tyson, Hunter",Hunter Tyson,1,2023,2023,hunter_tyson,hunter_tyson,1610612743,Denver,Nuggets,DEN,nuggets,nuggets,Y,11
1630649,"Umude, Stanley",Stanley Umude,1,2022,2023,stanley_umude,stanley_umude,1610612765,Detroit,Pistons,DET,pistons,pistons,Y,11
1627832,"VanVleet, Fred",Fred VanVleet,1,2016,2023,fred_vanvleet,fred_vanvleet,1610612745,Houston,Rockets,HOU,rockets,rockets,Y,1
1629020,"Vanderbilt, Jarred",Jarred Vanderbilt,1,2018,2023,jarred_vanderbilt,jarred_vanderbilt,1610612747,Los Angeles,Lakers,LAL,lakers,lakers,Y,1
1630170,"Vassell, Devin",Devin Vassell,1,2020,2023,devin_vassell,devin_vassell,1610612759,San Antonio,Spurs,SAS,spurs,spurs,Y,0
1629216,"Vincent, Gabe",Gabe Vincent,1,2019,2023,gabe_vincent,gabe_vincent,1610612747,Los Angeles,Lakers,LAL,lakers,lakers,Y,1
202696,"Vucevic, Nikola",Nikola Vucevic,1,2011,2023,nikola_vucevic,nikola_vucevic,1610612741,Chicago,Bulls,CHI,bulls,bulls,Y,0
1629731,"Wade, Dean",Dean Wade,1,2019,2023,dean_wade,dean_wade,1610612739,Cleveland,Cavaliers,CLE,cavaliers,cavaliers,Y,1
1630532,"Wagner, Franz",Franz Wagner,1,2021,2023,franz_wagner,franz_wagner,1610612753,Orlando,Magic,ORL,magic,magic,Y,0
1629021,"Wagner, Moritz",Moritz Wagner,1,2018,2023,moritz_wagner,moritz_wagner,1610612753,Orlando,Magic,ORL,magic,magic,Y,1
1631133,"Walker, Jabari",Jabari Walker,1,2022,2023,jabari_walker,jabari_walker,1610612757,Portland,Trail Blazers,POR,blazers,blazers,Y,0
1629022,"Walker IV, Lonnie",Lonnie Walker IV,1,2018,2023,lonnie_walker,lonnie_walker_iv,1610612751,Brooklyn,Nets,BKN,nets,nets,Y,1
1631102,"Washington Jr., TyTy",TyTy Washington Jr.,1,2022,2023,tyty_washington,tyty_washington_jr,1610612749,Milwaukee,Bucks,MIL,bucks,bucks,Y,11
1629139,"Watanabe, Yuta",Yuta Watanabe,1,2018,2023,yuta_watanabe,yuta_watanabe,1610612763,Memphis,Grizzlies,MEM,grizzlies,grizzlies,Y,1
1630570,"Watford, Trendon",Trendon Watford,1,2021,2023,trendon_watford,trendon_watford,1610612751,Brooklyn,Nets,BKN,nets,nets,Y,0
1631212,"Watson, Peyton",Peyton Watson,1,2022,2023,peyton_watson,peyton_watson,1610612743,Denver,Nuggets,DEN,nuggets,nuggets,Y,1
1641705,"Wembanyama, Victor",Victor Wembanyama,1,2023,2023,victor_wembanyama,victor_wembanyama,1610612759,San Antonio,Spurs,SAS,spurs,spurs,Y,0
1631104,"Wesley, Blake",Blake Wesley,1,2022,2023,blake_wesley,blake_wesley,1610612759,San Antonio,Spurs,SAS,spurs,spurs,Y,1
1629632,"White, Coby",Coby White,1,2019,2023,coby_white,coby_white,1610612741,Chicago,Bulls,CHI,bulls,bulls,Y,0
1641727,"Whitehead, Dariq",Dariq Whitehead,1,2023,2023,dariq_whitehead,dariq_whitehead,1610612751,Brooklyn,Nets,BKN,nets,nets,Y,11
1641715,"Whitmore, Cam",Cam Whitmore,1,2023,2023,cam_whitmore,cam_whitmore,1610612745,Houston,Rockets,HOU,rockets,rockets,Y,0
1631466,"Williams, Nate",Nate Williams,1,2022,2023,jeenathan_williams,nate_williams,1610612745,Houston,Rockets,HOU,rockets,rockets,Y,11
1630172,"Williams, Patrick",Patrick Williams,1,2020,2023,patrick_williams,patrick_williams,1610612741,Chicago,Bulls,CHI,bulls,bulls,Y,0
1630533,"Williams, Ziaire",Ziaire Williams,1,2021,2023,ziaire_williams,ziaire_williams,1610612763,Memphis,Grizzlies,MEM,grizzlies,grizzlies,Y,1
1629057,"Williams III, Robert",Robert Williams III,1,2018,2023,robert_williams,robert_williams_iii,1610612757,Portland,Trail Blazers,POR,blazers,blazers,Y,1
1631246,"Williams Jr., Vince",Vince Williams Jr.,1,2022,2023,vince_williams_jr,vince_williams_jr,1610612763,Memphis,Grizzlies,MEM,grizzlies,grizzlies,Y,1
1630592,"Wilson, Jalen",Jalen Wilson,1,2023,2023,jalen_wilson,jalen_wilson,1610612751,Brooklyn,Nets,BKN,nets,nets,Y,11
1629685,"Windler, Dylan",Dylan Windler,1,2019,2023,dylan_windler,dylan_windler,1610612747,Los Angeles,Lakers,LAL,lakers,lakers,Y,11
1630164,"Wiseman, James",James Wiseman,1,2020,2023,james_wiseman,james_wiseman,1610612765,Detroit,Pistons,DET,pistons,pistons,Y,1
1626174,"Wood, Christian",Christian Wood,1,2015,2023,christian_wood,christian_wood,1610612747,Los Angeles,Lakers,LAL,lakers,lakers,Y,1
1629027,"Young, Trae",Trae Young,1,2018,2023,trae_young,trae_young,1610612737,Atlanta,Hawks,ATL,hawks,hawks,Y,0
